sample,single_end,fastq_1,fastq_2,strandedness
B04_GH_R1_T1,0,/work/jes157/202309_sequencing_test_run/test_round/B04_GH_R1_TGAACAGG-GAGAACAA_S81_L001_R1_001.fastq.gz,/work/jes157/202309_sequencing_test_run/test_round/B04_GH_R1_TGAACAGG-GAGAACAA_S81_L001_R2_001.fastq.gz,auto
B04_GH_R1_T2,0,/work/jes157/20230929_sequencing_data/real_samples/B04_GH_R1_TGAACAGG-GAGAACAA_S81_L001_R1_001.fastq.gz,/work/jes157/20230929_sequencing_data/real_samples/B04_GH_R1_TGAACAGG-GAGAACAA_S81_L001_R2_001.fastq.gz,auto
B04_GH_R1_T3,0,/work/jes157/20230929_sequencing_data/real_samples/B04_GH_R1_TGAACAGG-GAGAACAA_S81_L002_R1_001.fastq.gz,/work/jes157/20230929_sequencing_data/real_samples/B04_GH_R1_TGAACAGG-GAGAACAA_S81_L002_R2_001.fastq.gz,auto
B04_GH_R5_T1,0,/work/jes157/202309_sequencing_test_run/test_round/B04_GH_R5_AAGTTGGA-AATACAGG_S82_L001_R1_001.fastq.gz,/work/jes157/202309_sequencing_test_run/test_round/B04_GH_R5_AAGTTGGA-AATACAGG_S82_L001_R2_001.fastq.gz,auto
B04_GH_R5_T2,0,/work/jes157/20230929_sequencing_data/real_samples/B04_GH_R5_AAGTTGGA-AATACAGG_S82_L001_R1_001.fastq.gz,/work/jes157/20230929_sequencing_data/real_samples/B04_GH_R5_AAGTTGGA-AATACAGG_S82_L001_R2_001.fastq.gz,auto
B04_GH_R5_T3,0,/work/jes157/20230929_sequencing_data/real_samples/B04_GH_R5_AAGTTGGA-AATACAGG_S82_L002_R1_001.fastq.gz,/work/jes157/20230929_sequencing_data/real_samples/B04_GH_R5_AAGTTGGA-AATACAGG_S82_L002_R2_001.fastq.gz,auto
B04_GH_R6_T1,0,/work/jes157/202309_sequencing_test_run/test_round/B04_GH_R6_GGACAACG-TGATGGCC_S83_L001_R1_001.fastq.gz,/work/jes157/202309_sequencing_test_run/test_round/B04_GH_R6_GGACAACG-TGATGGCC_S83_L001_R2_001.fastq.gz,auto
B04_GH_R6_T2,0,/work/jes157/20230929_sequencing_data/real_samples/B04_GH_R6_GGACAACG-TGATGGCC_S83_L001_R1_001.fastq.gz,/work/jes157/20230929_sequencing_data/real_samples/B04_GH_R6_GGACAACG-TGATGGCC_S83_L001_R2_001.fastq.gz,auto
B04_GH_R6_T3,0,/work/jes157/20230929_sequencing_data/real_samples/B04_GH_R6_GGACAACG-TGATGGCC_S83_L002_R1_001.fastq.gz,/work/jes157/20230929_sequencing_data/real_samples/B04_GH_R6_GGACAACG-TGATGGCC_S83_L002_R2_001.fastq.gz,auto
B04_SH_R1_T1,0,/work/jes157/202309_sequencing_test_run/test_round/B04_SH_R1_CAGTGTGG-TGTGAATC_S84_L001_R1_001.fastq.gz,/work/jes157/202309_sequencing_test_run/test_round/B04_SH_R1_CAGTGTGG-TGTGAATC_S84_L001_R2_001.fastq.gz,auto
B04_SH_R1_T2,0,/work/jes157/20230929_sequencing_data/real_samples/B04_SH_R1_CAGTGTGG-TGTGAATC_S84_L001_R1_001.fastq.gz,/work/jes157/20230929_sequencing_data/real_samples/B04_SH_R1_CAGTGTGG-TGTGAATC_S84_L001_R2_001.fastq.gz,auto
B04_SH_R1_T3,0,/work/jes157/20230929_sequencing_data/real_samples/B04_SH_R1_CAGTGTGG-TGTGAATC_S84_L002_R1_001.fastq.gz,/work/jes157/20230929_sequencing_data/real_samples/B04_SH_R1_CAGTGTGG-TGTGAATC_S84_L002_R2_001.fastq.gz,auto
B04_SH_R3_T1,0,/work/jes157/202309_sequencing_test_run/test_round/B04_SH_R3_TTCCACCA-GGTTAAGG_S85_L001_R1_001.fastq.gz,/work/jes157/202309_sequencing_test_run/test_round/B04_SH_R3_TTCCACCA-GGTTAAGG_S85_L001_R2_001.fastq.gz,auto
B04_SH_R3_T2,0,/work/jes157/20230929_sequencing_data/real_samples/B04_SH_R3_TTCCACCA-GGTTAAGG_S85_L001_R1_001.fastq.gz,/work/jes157/20230929_sequencing_data/real_samples/B04_SH_R3_TTCCACCA-GGTTAAGG_S85_L001_R2_001.fastq.gz,auto
B04_SH_R3_T3,0,/work/jes157/20230929_sequencing_data/real_samples/B04_SH_R3_TTCCACCA-GGTTAAGG_S85_L002_R1_001.fastq.gz,/work/jes157/20230929_sequencing_data/real_samples/B04_SH_R3_TTCCACCA-GGTTAAGG_S85_L002_R2_001.fastq.gz,auto
B04_SH_R6_T1,0,/work/jes157/202309_sequencing_test_run/test_round/B04_SH_R6_TTCGAACC-TGTCACCT_S86_L001_R1_001.fastq.gz,/work/jes157/202309_sequencing_test_run/test_round/B04_SH_R6_TTCGAACC-TGTCACCT_S86_L001_R2_001.fastq.gz,auto
B04_SH_R6_T2,0,/work/jes157/20230929_sequencing_data/real_samples/B04_SH_R6_TTCGAACC-TGTCACCT_S86_L001_R1_001.fastq.gz,/work/jes157/20230929_sequencing_data/real_samples/B04_SH_R6_TTCGAACC-TGTCACCT_S86_L001_R2_001.fastq.gz,auto
B04_SH_R6_T3,0,/work/jes157/20230929_sequencing_data/real_samples/B04_SH_R6_TTCGAACC-TGTCACCT_S86_L002_R1_001.fastq.gz,/work/jes157/20230929_sequencing_data/real_samples/B04_SH_R6_TTCGAACC-TGTCACCT_S86_L002_R2_001.fastq.gz,auto
CS_GH-HIGH_R1_T1,0,/work/jes157/202309_sequencing_test_run/test_round/GH-HIGH_HEAD_R1_AGGTTATA-CAGTTCCG_S87_L001_R1_001.fastq.gz,/work/jes157/202309_sequencing_test_run/test_round/GH-HIGH_HEAD_R1_AGGTTATA-CAGTTCCG_S87_L001_R2_001.fastq.gz,auto
CS_GH-HIGH_R1_T2,0,/work/jes157/20230929_sequencing_data/real_samples/GH-HIGH_HEAD_R1_AGGTTATA-CAGTTCCG_S87_L001_R1_001.fastq.gz,/work/jes157/20230929_sequencing_data/real_samples/GH-HIGH_HEAD_R1_AGGTTATA-CAGTTCCG_S87_L001_R2_001.fastq.gz,auto
CS_GH-HIGH_R1_T3,0,/work/jes157/20230929_sequencing_data/real_samples/GH-HIGH_HEAD_R1_AGGTTATA-CAGTTCCG_S87_L002_R1_001.fastq.gz,/work/jes157/20230929_sequencing_data/real_samples/GH-HIGH_HEAD_R1_AGGTTATA-CAGTTCCG_S87_L002_R2_001.fastq.gz,auto
CS_GH-HIGH_R2_T1,0,/work/jes157/202309_sequencing_test_run/test_round/GH-HIGH_HEAD_R2_GAACCGCG-TGACCTTA_S88_L001_R1_001.fastq.gz,/work/jes157/202309_sequencing_test_run/test_round/GH-HIGH_HEAD_R2_GAACCGCG-TGACCTTA_S88_L001_R2_001.fastq.gz,auto
CS_GH-HIGH_R2_T2,0,/work/jes157/20230929_sequencing_data/real_samples/GH-HIGH_HEAD_R2_GAACCGCG-TGACCTTA_S88_L001_R1_001.fastq.gz,/work/jes157/20230929_sequencing_data/real_samples/GH-HIGH_HEAD_R2_GAACCGCG-TGACCTTA_S88_L001_R2_001.fastq.gz,auto
CS_GH-HIGH_R2_T3,0,/work/jes157/20230929_sequencing_data/real_samples/GH-HIGH_HEAD_R2_GAACCGCG-TGACCTTA_S88_L002_R1_001.fastq.gz,/work/jes157/20230929_sequencing_data/real_samples/GH-HIGH_HEAD_R2_GAACCGCG-TGACCTTA_S88_L002_R2_001.fastq.gz,auto
CS_GH-HIGH_R3_T1,0,/work/jes157/202309_sequencing_test_run/test_round/GH-HIGH_HEAD_R3_CTCACCAA-CTAGGCAA_S89_L001_R1_001.fastq.gz,/work/jes157/202309_sequencing_test_run/test_round/GH-HIGH_HEAD_R3_CTCACCAA-CTAGGCAA_S89_L001_R2_001.fastq.gz,auto
CS_GH-HIGH_R3_T2,0,/work/jes157/20230929_sequencing_data/real_samples/GH-HIGH_HEAD_R3_CTCACCAA-CTAGGCAA_S89_L001_R1_001.fastq.gz,/work/jes157/20230929_sequencing_data/real_samples/GH-HIGH_HEAD_R3_CTCACCAA-CTAGGCAA_S89_L001_R2_001.fastq.gz,auto
CS_GH-HIGH_R3_T3,0,/work/jes157/20230929_sequencing_data/real_samples/GH-HIGH_HEAD_R3_CTCACCAA-CTAGGCAA_S89_L002_R1_001.fastq.gz,/work/jes157/20230929_sequencing_data/real_samples/GH-HIGH_HEAD_R3_CTCACCAA-CTAGGCAA_S89_L002_R2_001.fastq.gz,auto
CS_GH-HIGH_R4_T1,0,/work/jes157/202309_sequencing_test_run/test_round/GH-HIGH_HEAD_R4_TCTGTTGG-TCGAATGG_S90_L001_R1_001.fastq.gz,/work/jes157/202309_sequencing_test_run/test_round/GH-HIGH_HEAD_R4_TCTGTTGG-TCGAATGG_S90_L001_R2_001.fastq.gz,auto
CS_GH-HIGH_R4_T2,0,/work/jes157/20230929_sequencing_data/real_samples/GH-HIGH_HEAD_R4_TCTGTTGG-TCGAATGG_S90_L001_R1_001.fastq.gz,/work/jes157/20230929_sequencing_data/real_samples/GH-HIGH_HEAD_R4_TCTGTTGG-TCGAATGG_S90_L001_R2_001.fastq.gz,auto
CS_GH-HIGH_R4_T3,0,/work/jes157/20230929_sequencing_data/real_samples/GH-HIGH_HEAD_R4_TCTGTTGG-TCGAATGG_S90_L002_R1_001.fastq.gz,/work/jes157/20230929_sequencing_data/real_samples/GH-HIGH_HEAD_R4_TCTGTTGG-TCGAATGG_S90_L002_R2_001.fastq.gz,auto
CS_GH-LOW_R1_T1,0,/work/jes157/202309_sequencing_test_run/test_round/GH-LOW_HEAD_R1_TACTCATA-CCTGTGGC_S91_L001_R1_001.fastq.gz,/work/jes157/202309_sequencing_test_run/test_round/GH-LOW_HEAD_R1_TACTCATA-CCTGTGGC_S91_L001_R2_001.fastq.gz,auto
CS_GH-LOW_R1_T2,0,/work/jes157/20230929_sequencing_data/real_samples/GH-LOW_HEAD_R1_TACTCATA-CCTGTGGC_S91_L001_R1_001.fastq.gz,/work/jes157/20230929_sequencing_data/real_samples/GH-LOW_HEAD_R1_TACTCATA-CCTGTGGC_S91_L001_R2_001.fastq.gz,auto
CS_GH-LOW_R1_T3,0,/work/jes157/20230929_sequencing_data/real_samples/GH-LOW_HEAD_R1_TACTCATA-CCTGTGGC_S91_L002_R1_001.fastq.gz,/work/jes157/20230929_sequencing_data/real_samples/GH-LOW_HEAD_R1_TACTCATA-CCTGTGGC_S91_L002_R2_001.fastq.gz,auto
CS_GH-LOW_R2_T1,0,/work/jes157/202309_sequencing_test_run/test_round/GH-LOW_HEAD_R2_CGTCTGCG-TTCACAAT_S92_L001_R1_001.fastq.gz,/work/jes157/202309_sequencing_test_run/test_round/GH-LOW_HEAD_R2_CGTCTGCG-TTCACAAT_S92_L001_R2_001.fastq.gz,auto
CS_GH-LOW_R2_T2,0,/work/jes157/20230929_sequencing_data/real_samples/GH-LOW_HEAD_R2_CGTCTGCG-TTCACAAT_S92_L001_R1_001.fastq.gz,/work/jes157/20230929_sequencing_data/real_samples/GH-LOW_HEAD_R2_CGTCTGCG-TTCACAAT_S92_L001_R2_001.fastq.gz,auto
CS_GH-LOW_R2_T3,0,/work/jes157/20230929_sequencing_data/real_samples/GH-LOW_HEAD_R2_CGTCTGCG-TTCACAAT_S92_L002_R1_001.fastq.gz,/work/jes157/20230929_sequencing_data/real_samples/GH-LOW_HEAD_R2_CGTCTGCG-TTCACAAT_S92_L002_R2_001.fastq.gz,auto
CS_GH-LOW_R3_T1,0,/work/jes157/202309_sequencing_test_run/test_round/GH-LOW_HEAD_R3_TCGATATC-ACACGAGT_S93_L001_R1_001.fastq.gz,/work/jes157/202309_sequencing_test_run/test_round/GH-LOW_HEAD_R3_TCGATATC-ACACGAGT_S93_L001_R2_001.fastq.gz,auto
CS_GH-LOW_R3_T2,0,/work/jes157/20230929_sequencing_data/real_samples/GH-LOW_HEAD_R3_TCGATATC-ACACGAGT_S93_L001_R1_001.fastq.gz,/work/jes157/20230929_sequencing_data/real_samples/GH-LOW_HEAD_R3_TCGATATC-ACACGAGT_S93_L001_R2_001.fastq.gz,auto
CS_GH-LOW_R3_T3,0,/work/jes157/20230929_sequencing_data/real_samples/GH-LOW_HEAD_R3_TCGATATC-ACACGAGT_S93_L002_R1_001.fastq.gz,/work/jes157/20230929_sequencing_data/real_samples/GH-LOW_HEAD_R3_TCGATATC-ACACGAGT_S93_L002_R2_001.fastq.gz,auto
CS_GH-LOW_R4_T1,0,/work/jes157/202309_sequencing_test_run/test_round/GH-LOW_HEAD_R4_CTAGCGCT-GTGTAGAC_S94_L001_R1_001.fastq.gz,/work/jes157/202309_sequencing_test_run/test_round/GH-LOW_HEAD_R4_CTAGCGCT-GTGTAGAC_S94_L001_R2_001.fastq.gz,auto
CS_GH-LOW_R4_T2,0,/work/jes157/20230929_sequencing_data/real_samples/GH-LOW_HEAD_R4_CTAGCGCT-GTGTAGAC_S94_L001_R1_001.fastq.gz,/work/jes157/20230929_sequencing_data/real_samples/GH-LOW_HEAD_R4_CTAGCGCT-GTGTAGAC_S94_L001_R2_001.fastq.gz,auto
CS_GH-LOW_R4_T3,0,/work/jes157/20230929_sequencing_data/real_samples/GH-LOW_HEAD_R4_CTAGCGCT-GTGTAGAC_S94_L002_R1_001.fastq.gz,/work/jes157/20230929_sequencing_data/real_samples/GH-LOW_HEAD_R4_CTAGCGCT-GTGTAGAC_S94_L002_R2_001.fastq.gz,auto
CS_GH_R1_T1,0,/work/jes157/2022_social_experience_fastq/raw_data/CS_V_MAL_GH_R1_CGACGTTA-ATCCAGAG_S25_L001_R1_001.fastq.gz,/work/jes157/2022_social_experience_fastq/raw_data/CS_V_MAL_GH_R1_CGACGTTA-ATCCAGAG_S25_L001_R2_001.fastq.gz,auto
CS_GH_R1_T2,0,/work/jes157/2022_social_experience_fastq/raw_data/CS_V_MAL_GH_R1_CGACGTTA-ATCCAGAG_S25_L002_R1_001.fastq.gz,/work/jes157/2022_social_experience_fastq/raw_data/CS_V_MAL_GH_R1_CGACGTTA-ATCCAGAG_S25_L002_R2_001.fastq.gz,auto
CS_GH_R1sub_T1,0,/work/jes157/20231002_rnaseq_nfrun/subsample_fastq/CS_V_MAL_GH_R1_CGACGTTA-ATCCAGAG_S25_L001_R1_001_sub10M.fastq.gz,/work/jes157/20231002_rnaseq_nfrun/subsample_fastq/CS_V_MAL_GH_R1_CGACGTTA-ATCCAGAG_S25_L001_R2_001_sub10M.fastq.gz,auto
CS_GH_R1sub_T2,0,/work/jes157/20231002_rnaseq_nfrun/subsample_fastq/CS_V_MAL_GH_R1_CGACGTTA-ATCCAGAG_S25_L002_R1_001_sub10M.fastq.gz,/work/jes157/20231002_rnaseq_nfrun/subsample_fastq/CS_V_MAL_GH_R1_CGACGTTA-ATCCAGAG_S25_L002_R2_001_sub10M.fastq.gz,auto
CS_GH_R2_T1,0,/work/jes157/2022_social_experience_fastq/raw_data/CS_V_MAL_GH_R2_TAACCGGT-GAGACGAT_S26_L001_R1_001.fastq.gz,/work/jes157/2022_social_experience_fastq/raw_data/CS_V_MAL_GH_R2_TAACCGGT-GAGACGAT_S26_L001_R2_001.fastq.gz,auto
CS_GH_R2_T2,0,/work/jes157/2022_social_experience_fastq/raw_data/CS_V_MAL_GH_R2_TAACCGGT-GAGACGAT_S26_L002_R1_001.fastq.gz,/work/jes157/2022_social_experience_fastq/raw_data/CS_V_MAL_GH_R2_TAACCGGT-GAGACGAT_S26_L002_R2_001.fastq.gz,auto
CS_GH_R2sub_T1,0,/work/jes157/20231002_rnaseq_nfrun/subsample_fastq/CS_V_MAL_GH_R2_TAACCGGT-GAGACGAT_S26_L001_R1_001_sub10M.fastq.gz,/work/jes157/20231002_rnaseq_nfrun/subsample_fastq/CS_V_MAL_GH_R2_TAACCGGT-GAGACGAT_S26_L001_R2_001_sub10M.fastq.gz,auto
CS_GH_R2sub_T2,0,/work/jes157/20231002_rnaseq_nfrun/subsample_fastq/CS_V_MAL_GH_R2_TAACCGGT-GAGACGAT_S26_L002_R1_001_sub10M.fastq.gz,/work/jes157/20231002_rnaseq_nfrun/subsample_fastq/CS_V_MAL_GH_R2_TAACCGGT-GAGACGAT_S26_L002_R2_001_sub10M.fastq.gz,auto
CS_GH_R3_T1,0,/work/jes157/2022_social_experience_fastq/raw_data/CS_V_MAL_GH_R3_TCGCTGTT-ACGACTTG_S27_L001_R1_001.fastq.gz,/work/jes157/2022_social_experience_fastq/raw_data/CS_V_MAL_GH_R3_TCGCTGTT-ACGACTTG_S27_L001_R2_001.fastq.gz,auto
CS_GH_R3_T2,0,/work/jes157/2022_social_experience_fastq/raw_data/CS_V_MAL_GH_R3_TCGCTGTT-ACGACTTG_S27_L002_R1_001.fastq.gz,/work/jes157/2022_social_experience_fastq/raw_data/CS_V_MAL_GH_R3_TCGCTGTT-ACGACTTG_S27_L002_R2_001.fastq.gz,auto
CS_GH_R3sub_T1,0,/work/jes157/20231002_rnaseq_nfrun/subsample_fastq/CS_V_MAL_GH_R3_TCGCTGTT-ACGACTTG_S27_L001_R1_001_sub10M.fastq.gz,/work/jes157/20231002_rnaseq_nfrun/subsample_fastq/CS_V_MAL_GH_R3_TCGCTGTT-ACGACTTG_S27_L001_R2_001_sub10M.fastq.gz,auto
CS_GH_R3sub_T2,0,/work/jes157/20231002_rnaseq_nfrun/subsample_fastq/CS_V_MAL_GH_R3_TCGCTGTT-ACGACTTG_S27_L002_R1_001_sub10M.fastq.gz,/work/jes157/20231002_rnaseq_nfrun/subsample_fastq/CS_V_MAL_GH_R3_TCGCTGTT-ACGACTTG_S27_L002_R2_001_sub10M.fastq.gz,auto
CS_SH-HIGH_R1_T1,0,/work/jes157/202309_sequencing_test_run/test_round/SH_HEAD_R1_TATCGCAC-CTTAGTGT_S95_L001_R1_001.fastq.gz,/work/jes157/202309_sequencing_test_run/test_round/SH_HEAD_R1_TATCGCAC-CTTAGTGT_S95_L001_R2_001.fastq.gz,auto
CS_SH-HIGH_R1_T2,0,/work/jes157/20230929_sequencing_data/real_samples/SH_HEAD_R1_TATCGCAC-CTTAGTGT_S95_L001_R1_001.fastq.gz,/work/jes157/20230929_sequencing_data/real_samples/SH_HEAD_R1_TATCGCAC-CTTAGTGT_S95_L001_R2_001.fastq.gz,auto
CS_SH-HIGH_R1_T3,0,/work/jes157/20230929_sequencing_data/real_samples/SH_HEAD_R1_TATCGCAC-CTTAGTGT_S95_L002_R1_001.fastq.gz,/work/jes157/20230929_sequencing_data/real_samples/SH_HEAD_R1_TATCGCAC-CTTAGTGT_S95_L002_R2_001.fastq.gz,auto
CS_SH-HIGH_R2_T1,0,/work/jes157/202309_sequencing_test_run/test_round/SH_HEAD_R2_CGCTATGT-TCCGACAC_S96_L001_R1_001.fastq.gz,/work/jes157/202309_sequencing_test_run/test_round/SH_HEAD_R2_CGCTATGT-TCCGACAC_S96_L001_R2_001.fastq.gz,auto
CS_SH-HIGH_R2_T2,0,/work/jes157/20230929_sequencing_data/real_samples/SH_HEAD_R2_CGCTATGT-TCCGACAC_S96_L001_R1_001.fastq.gz,/work/jes157/20230929_sequencing_data/real_samples/SH_HEAD_R2_CGCTATGT-TCCGACAC_S96_L001_R2_001.fastq.gz,auto
CS_SH-HIGH_R2_T3,0,/work/jes157/20230929_sequencing_data/real_samples/SH_HEAD_R2_CGCTATGT-TCCGACAC_S96_L002_R1_001.fastq.gz,/work/jes157/20230929_sequencing_data/real_samples/SH_HEAD_R2_CGCTATGT-TCCGACAC_S96_L002_R2_001.fastq.gz,auto
CS_SH-HIGH_R3_T1,0,/work/jes157/202309_sequencing_test_run/test_round/SH_HEAD_R3_GTATGTTC-AACAGGAA_S97_L001_R1_001.fastq.gz,/work/jes157/202309_sequencing_test_run/test_round/SH_HEAD_R3_GTATGTTC-AACAGGAA_S97_L001_R2_001.fastq.gz,auto
CS_SH-HIGH_R3_T2,0,/work/jes157/20230929_sequencing_data/real_samples/SH_HEAD_R3_GTATGTTC-AACAGGAA_S97_L001_R1_001.fastq.gz,/work/jes157/20230929_sequencing_data/real_samples/SH_HEAD_R3_GTATGTTC-AACAGGAA_S97_L001_R2_001.fastq.gz,auto
CS_SH-HIGH_R3_T3,0,/work/jes157/20230929_sequencing_data/real_samples/SH_HEAD_R3_GTATGTTC-AACAGGAA_S97_L002_R1_001.fastq.gz,/work/jes157/20230929_sequencing_data/real_samples/SH_HEAD_R3_GTATGTTC-AACAGGAA_S97_L002_R2_001.fastq.gz,auto
CS_SH-HIGH_R4_T1,0,/work/jes157/202309_sequencing_test_run/test_round/SH_HEAD_R4_ACGCACCT-GGTGAAGG_S98_L001_R1_001.fastq.gz,/work/jes157/202309_sequencing_test_run/test_round/SH_HEAD_R4_ACGCACCT-GGTGAAGG_S98_L001_R2_001.fastq.gz,auto
CS_SH-HIGH_R4_T2,0,/work/jes157/20230929_sequencing_data/real_samples/SH_HEAD_R4_ACGCACCT-GGTGAAGG_S98_L001_R1_001.fastq.gz,/work/jes157/20230929_sequencing_data/real_samples/SH_HEAD_R4_ACGCACCT-GGTGAAGG_S98_L001_R2_001.fastq.gz,auto
CS_SH-HIGH_R4_T3,0,/work/jes157/20230929_sequencing_data/real_samples/SH_HEAD_R4_ACGCACCT-GGTGAAGG_S98_L002_R1_001.fastq.gz,/work/jes157/20230929_sequencing_data/real_samples/SH_HEAD_R4_ACGCACCT-GGTGAAGG_S98_L002_R2_001.fastq.gz,auto
CS_SH_R1_T1,0,/work/jes157/2022_social_experience_fastq/raw_data/CS_V_MAL_SH_R1_GTGCCATA-ACTAGGAG_S28_L001_R1_001.fastq.gz,/work/jes157/2022_social_experience_fastq/raw_data/CS_V_MAL_SH_R1_GTGCCATA-ACTAGGAG_S28_L001_R2_001.fastq.gz,auto
CS_SH_R1_T2,0,/work/jes157/2022_social_experience_fastq/raw_data/CS_V_MAL_SH_R1_GTGCCATA-ACTAGGAG_S28_L002_R1_001.fastq.gz,/work/jes157/2022_social_experience_fastq/raw_data/CS_V_MAL_SH_R1_GTGCCATA-ACTAGGAG_S28_L002_R2_001.fastq.gz,auto
CS_SH_R1sub_T1,0,/work/jes157/20231002_rnaseq_nfrun/subsample_fastq/CS_V_MAL_SH_R1_GTGCCATA-ACTAGGAG_S28_L001_R1_001_sub10M.fastq.gz,/work/jes157/20231002_rnaseq_nfrun/subsample_fastq/CS_V_MAL_SH_R1_GTGCCATA-ACTAGGAG_S28_L001_R2_001_sub10M.fastq.gz,auto
CS_SH_R1sub_T2,0,/work/jes157/20231002_rnaseq_nfrun/subsample_fastq/CS_V_MAL_SH_R1_GTGCCATA-ACTAGGAG_S28_L002_R1_001_sub10M.fastq.gz,/work/jes157/20231002_rnaseq_nfrun/subsample_fastq/CS_V_MAL_SH_R1_GTGCCATA-ACTAGGAG_S28_L002_R2_001_sub10M.fastq.gz,auto
CS_SH_R2_T1,0,/work/jes157/2022_social_experience_fastq/raw_data/CS_V_MAL_SH_R2_CATGGCTA-GATGTGTG_S29_L001_R1_001.fastq.gz,/work/jes157/2022_social_experience_fastq/raw_data/CS_V_MAL_SH_R2_CATGGCTA-GATGTGTG_S29_L001_R2_001.fastq.gz,auto
CS_SH_R2_T2,0,/work/jes157/2022_social_experience_fastq/raw_data/CS_V_MAL_SH_R2_CATGGCTA-GATGTGTG_S29_L002_R1_001.fastq.gz,/work/jes157/2022_social_experience_fastq/raw_data/CS_V_MAL_SH_R2_CATGGCTA-GATGTGTG_S29_L002_R2_001.fastq.gz,auto
CS_SH_R2sub_T1,0,/work/jes157/20231002_rnaseq_nfrun/subsample_fastq/CS_V_MAL_SH_R2_CATGGCTA-GATGTGTG_S29_L001_R1_001_sub10M.fastq.gz,/work/jes157/20231002_rnaseq_nfrun/subsample_fastq/CS_V_MAL_SH_R2_CATGGCTA-GATGTGTG_S29_L001_R2_001_sub10M.fastq.gz,auto
CS_SH_R2sub_T2,0,/work/jes157/20231002_rnaseq_nfrun/subsample_fastq/CS_V_MAL_SH_R2_CATGGCTA-GATGTGTG_S29_L002_R1_001_sub10M.fastq.gz,/work/jes157/20231002_rnaseq_nfrun/subsample_fastq/CS_V_MAL_SH_R2_CATGGCTA-GATGTGTG_S29_L002_R2_001_sub10M.fastq.gz,auto
CS_SH_R3_T1,0,/work/jes157/2022_social_experience_fastq/raw_data/CS_V_MAL_SH_R3_TTGGACGT-AGCACTTC_S30_L001_R1_001.fastq.gz,/work/jes157/2022_social_experience_fastq/raw_data/CS_V_MAL_SH_R3_TTGGACGT-AGCACTTC_S30_L001_R2_001.fastq.gz,auto
CS_SH_R3_T2,0,/work/jes157/2022_social_experience_fastq/raw_data/CS_V_MAL_SH_R3_TTGGACGT-AGCACTTC_S30_L002_R1_001.fastq.gz,/work/jes157/2022_social_experience_fastq/raw_data/CS_V_MAL_SH_R3_TTGGACGT-AGCACTTC_S30_L002_R2_001.fastq.gz,auto
CS_SH_R3sub_T1,0,/work/jes157/20231002_rnaseq_nfrun/subsample_fastq/CS_V_MAL_SH_R3_TTGGACGT-AGCACTTC_S30_L001_R1_001_sub10M.fastq.gz,/work/jes157/20231002_rnaseq_nfrun/subsample_fastq/CS_V_MAL_SH_R3_TTGGACGT-AGCACTTC_S30_L001_R2_001_sub10M.fastq.gz,auto
CS_SH_R3sub_T2,0,/work/jes157/20231002_rnaseq_nfrun/subsample_fastq/CS_V_MAL_SH_R3_TTGGACGT-AGCACTTC_S30_L002_R1_001_sub10M.fastq.gz,/work/jes157/20231002_rnaseq_nfrun/subsample_fastq/CS_V_MAL_SH_R3_TTGGACGT-AGCACTTC_S30_L002_R2_001_sub10M.fastq.gz,auto
Z144_GH_R1_T1,0,/work/jes157/202309_sequencing_test_run/test_round/Z144_GH_R1_CCGCTGTT-AGACCGCA_S99_L001_R1_001.fastq.gz,/work/jes157/202309_sequencing_test_run/test_round/Z144_GH_R1_CCGCTGTT-AGACCGCA_S99_L001_R2_001.fastq.gz,auto
Z144_GH_R1_T2,0,/work/jes157/20230929_sequencing_data/real_samples/Z144_GH_R1_CCGCTGTT-AGACCGCA_S99_L001_R1_001.fastq.gz,/work/jes157/20230929_sequencing_data/real_samples/Z144_GH_R1_CCGCTGTT-AGACCGCA_S99_L001_R2_001.fastq.gz,auto
Z144_GH_R1_T3,0,/work/jes157/20230929_sequencing_data/real_samples/Z144_GH_R1_CCGCTGTT-AGACCGCA_S99_L002_R1_001.fastq.gz,/work/jes157/20230929_sequencing_data/real_samples/Z144_GH_R1_CCGCTGTT-AGACCGCA_S99_L002_R2_001.fastq.gz,auto
Z144_GH_R4_T1,0,/work/jes157/202309_sequencing_test_run/test_round/Z144_GH_R4_CAGACCAC-GCTTCGGC_S100_L001_R1_001.fastq.gz,/work/jes157/202309_sequencing_test_run/test_round/Z144_GH_R4_CAGACCAC-GCTTCGGC_S100_L001_R2_001.fastq.gz,auto
Z144_GH_R4_T2,0,/work/jes157/20230929_sequencing_data/real_samples/Z144_GH_R4_CAGACCAC-GCTTCGGC_S100_L001_R1_001.fastq.gz,/work/jes157/20230929_sequencing_data/real_samples/Z144_GH_R4_CAGACCAC-GCTTCGGC_S100_L001_R2_001.fastq.gz,auto
Z144_GH_R4_T3,0,/work/jes157/20230929_sequencing_data/real_samples/Z144_GH_R4_CAGACCAC-GCTTCGGC_S100_L002_R1_001.fastq.gz,/work/jes157/20230929_sequencing_data/real_samples/Z144_GH_R4_CAGACCAC-GCTTCGGC_S100_L002_R2_001.fastq.gz,auto
Z144_GH_R5_T1,0,/work/jes157/202309_sequencing_test_run/test_round/Z144_GH_R5_TTCTGGTG-CCAGTGGT_S101_L001_R1_001.fastq.gz,/work/jes157/202309_sequencing_test_run/test_round/Z144_GH_R5_TTCTGGTG-CCAGTGGT_S101_L001_R2_001.fastq.gz,auto
Z144_GH_R5_T2,0,/work/jes157/20230929_sequencing_data/real_samples/Z144_GH_R5_TTCTGGTG-CCAGTGGT_S101_L001_R1_001.fastq.gz,/work/jes157/20230929_sequencing_data/real_samples/Z144_GH_R5_TTCTGGTG-CCAGTGGT_S101_L001_R2_001.fastq.gz,auto
Z144_GH_R5_T3,0,/work/jes157/20230929_sequencing_data/real_samples/Z144_GH_R5_TTCTGGTG-CCAGTGGT_S101_L002_R1_001.fastq.gz,/work/jes157/20230929_sequencing_data/real_samples/Z144_GH_R5_TTCTGGTG-CCAGTGGT_S101_L002_R2_001.fastq.gz,auto
Z144_SH_R4_T1,0,/work/jes157/202309_sequencing_test_run/test_round/Z144_SH_R4_CAATCGAA-GCACACGC_S102_L001_R1_001.fastq.gz,/work/jes157/202309_sequencing_test_run/test_round/Z144_SH_R4_CAATCGAA-GCACACGC_S102_L001_R2_001.fastq.gz,auto
Z144_SH_R4_T2,0,/work/jes157/20230929_sequencing_data/real_samples/Z144_SH_R4_CAATCGAA-GCACACGC_S102_L001_R1_001.fastq.gz,/work/jes157/20230929_sequencing_data/real_samples/Z144_SH_R4_CAATCGAA-GCACACGC_S102_L001_R2_001.fastq.gz,auto
Z144_SH_R4_T3,0,/work/jes157/20230929_sequencing_data/real_samples/Z144_SH_R4_CAATCGAA-GCACACGC_S102_L002_R1_001.fastq.gz,/work/jes157/20230929_sequencing_data/real_samples/Z144_SH_R4_CAATCGAA-GCACACGC_S102_L002_R2_001.fastq.gz,auto
Z144_SH_R5_T1,0,/work/jes157/202309_sequencing_test_run/test_round/Z144_SH_R5_AAGTACAG-GTCACGTC_S103_L001_R1_001.fastq.gz,/work/jes157/202309_sequencing_test_run/test_round/Z144_SH_R5_AAGTACAG-GTCACGTC_S103_L001_R2_001.fastq.gz,auto
Z144_SH_R5_T2,0,/work/jes157/20230929_sequencing_data/real_samples/Z144_SH_R5_AAGTACAG-GTCACGTC_S103_L001_R1_001.fastq.gz,/work/jes157/20230929_sequencing_data/real_samples/Z144_SH_R5_AAGTACAG-GTCACGTC_S103_L001_R2_001.fastq.gz,auto
Z144_SH_R5_T3,0,/work/jes157/20230929_sequencing_data/real_samples/Z144_SH_R5_AAGTACAG-GTCACGTC_S103_L002_R1_001.fastq.gz,/work/jes157/20230929_sequencing_data/real_samples/Z144_SH_R5_AAGTACAG-GTCACGTC_S103_L002_R2_001.fastq.gz,auto
Z144_SH_R6_T1,0,/work/jes157/202309_sequencing_test_run/test_round/Z144_SH_R6_CCGTGCCA-GCAGCTCC_S104_L001_R1_001.fastq.gz,/work/jes157/202309_sequencing_test_run/test_round/Z144_SH_R6_CCGTGCCA-GCAGCTCC_S104_L001_R2_001.fastq.gz,auto
Z144_SH_R6_T2,0,/work/jes157/20230929_sequencing_data/real_samples/Z144_SH_R6_CCGTGCCA-GCAGCTCC_S104_L001_R1_001.fastq.gz,/work/jes157/20230929_sequencing_data/real_samples/Z144_SH_R6_CCGTGCCA-GCAGCTCC_S104_L001_R2_001.fastq.gz,auto
Z144_SH_R6_T3,0,/work/jes157/20230929_sequencing_data/real_samples/Z144_SH_R6_CCGTGCCA-GCAGCTCC_S104_L002_R1_001.fastq.gz,/work/jes157/20230929_sequencing_data/real_samples/Z144_SH_R6_CCGTGCCA-GCAGCTCC_S104_L002_R2_001.fastq.gz,auto
